variant_id,variant_kind,transformation,source_path,expected_alert
cap3_canonical_unsafe,positive,"rename all local names, capacity 3, insert unrelated scalar observation",fixtures/cap3_canonical_unsafe.c,1
cap3_canonical_safe,negative,"rename all local names, capacity 3, insert unrelated scalar observation",fixtures/cap3_canonical_safe.c,0
cap3_le_unsafe,positive,"rename all local names, capacity 3, insert unrelated scalar observation",fixtures/cap3_le_unsafe.c,1
cap3_le_safe,negative,"rename all local names, capacity 3, insert unrelated scalar observation",fixtures/cap3_le_safe.c,0
cap3_reversed_le_unsafe,positive,"rename all local names, capacity 3, insert unrelated scalar observation",fixtures/cap3_reversed_le_unsafe.c,1
cap3_reversed_le_safe,negative,"rename all local names, capacity 3, insert unrelated scalar observation",fixtures/cap3_reversed_le_safe.c,0
cap3_continue_safe,negative,"rename all local names, capacity 3, insert unrelated scalar observation",fixtures/cap3_continue_safe.c,0
cap3_continue_inverted_unsafe,positive,"rename all local names, capacity 3, insert unrelated scalar observation",fixtures/cap3_continue_inverted_unsafe.c,1
cap3_break_safe,negative,"rename all local names, capacity 3, insert unrelated scalar observation",fixtures/cap3_break_safe.c,0
cap3_conditional_break_unsafe,positive,"rename all local names, capacity 3, insert unrelated scalar observation",fixtures/cap3_conditional_break_unsafe.c,1
cap3_unsafe_guard_direction,positive,"rename all local names, capacity 3, insert unrelated scalar observation",fixtures/cap3_unsafe_guard_direction.c,1
cap3_safe_then,negative,"rename all local names, capacity 3, insert unrelated scalar observation",fixtures/cap3_safe_then.c,0
cap3_safe_else,negative,"rename all local names, capacity 3, insert unrelated scalar observation",fixtures/cap3_safe_else.c,0
cap3_unsafe_else,positive,"rename all local names, capacity 3, insert unrelated scalar observation",fixtures/cap3_unsafe_else.c,1
cap3_unsafe_or,positive,"rename all local names, capacity 3, insert unrelated scalar observation",fixtures/cap3_unsafe_or.c,1
cap3_safe_both_or,negative,"rename all local names, capacity 3, insert unrelated scalar observation",fixtures/cap3_safe_both_or.c,0
cap3_safe_and,negative,"rename all local names, capacity 3, insert unrelated scalar observation",fixtures/cap3_safe_and.c,0
cap3_wrong_larger_bound,positive,"rename all local names, capacity 3, insert unrelated scalar observation",fixtures/cap3_wrong_larger_bound.c,1
cap3_conditional_continue_unsafe,positive,"rename all local names, capacity 3, insert unrelated scalar observation",fixtures/cap3_conditional_continue_unsafe.c,1
cap3_nested_dominating_continue_safe,negative,"rename all local names, capacity 3, insert unrelated scalar observation",fixtures/cap3_nested_dominating_continue_safe.c,0
cap7_canonical_unsafe,positive,"rename all local names, capacity 7, insert unrelated scalar observation",fixtures/cap7_canonical_unsafe.c,1
cap7_canonical_safe,negative,"rename all local names, capacity 7, insert unrelated scalar observation",fixtures/cap7_canonical_safe.c,0
cap7_le_unsafe,positive,"rename all local names, capacity 7, insert unrelated scalar observation",fixtures/cap7_le_unsafe.c,1
cap7_le_safe,negative,"rename all local names, capacity 7, insert unrelated scalar observation",fixtures/cap7_le_safe.c,0
cap7_reversed_le_unsafe,positive,"rename all local names, capacity 7, insert unrelated scalar observation",fixtures/cap7_reversed_le_unsafe.c,1
cap7_reversed_le_safe,negative,"rename all local names, capacity 7, insert unrelated scalar observation",fixtures/cap7_reversed_le_safe.c,0
cap7_continue_safe,negative,"rename all local names, capacity 7, insert unrelated scalar observation",fixtures/cap7_continue_safe.c,0
cap7_continue_inverted_unsafe,positive,"rename all local names, capacity 7, insert unrelated scalar observation",fixtures/cap7_continue_inverted_unsafe.c,1
cap7_break_safe,negative,"rename all local names, capacity 7, insert unrelated scalar observation",fixtures/cap7_break_safe.c,0
cap7_conditional_break_unsafe,positive,"rename all local names, capacity 7, insert unrelated scalar observation",fixtures/cap7_conditional_break_unsafe.c,1
cap7_unsafe_guard_direction,positive,"rename all local names, capacity 7, insert unrelated scalar observation",fixtures/cap7_unsafe_guard_direction.c,1
cap7_safe_then,negative,"rename all local names, capacity 7, insert unrelated scalar observation",fixtures/cap7_safe_then.c,0
cap7_safe_else,negative,"rename all local names, capacity 7, insert unrelated scalar observation",fixtures/cap7_safe_else.c,0
cap7_unsafe_else,positive,"rename all local names, capacity 7, insert unrelated scalar observation",fixtures/cap7_unsafe_else.c,1
cap7_unsafe_or,positive,"rename all local names, capacity 7, insert unrelated scalar observation",fixtures/cap7_unsafe_or.c,1
cap7_safe_both_or,negative,"rename all local names, capacity 7, insert unrelated scalar observation",fixtures/cap7_safe_both_or.c,0
cap7_safe_and,negative,"rename all local names, capacity 7, insert unrelated scalar observation",fixtures/cap7_safe_and.c,0
cap7_wrong_larger_bound,positive,"rename all local names, capacity 7, insert unrelated scalar observation",fixtures/cap7_wrong_larger_bound.c,1
cap7_conditional_continue_unsafe,positive,"rename all local names, capacity 7, insert unrelated scalar observation",fixtures/cap7_conditional_continue_unsafe.c,1
cap7_nested_dominating_continue_safe,negative,"rename all local names, capacity 7, insert unrelated scalar observation",fixtures/cap7_nested_dominating_continue_safe.c,0
cap19_canonical_unsafe,positive,"rename all local names, capacity 19, insert unrelated scalar observation",fixtures/cap19_canonical_unsafe.c,1
cap19_canonical_safe,negative,"rename all local names, capacity 19, insert unrelated scalar observation",fixtures/cap19_canonical_safe.c,0
cap19_le_unsafe,positive,"rename all local names, capacity 19, insert unrelated scalar observation",fixtures/cap19_le_unsafe.c,1
cap19_le_safe,negative,"rename all local names, capacity 19, insert unrelated scalar observation",fixtures/cap19_le_safe.c,0
cap19_reversed_le_unsafe,positive,"rename all local names, capacity 19, insert unrelated scalar observation",fixtures/cap19_reversed_le_unsafe.c,1
cap19_reversed_le_safe,negative,"rename all local names, capacity 19, insert unrelated scalar observation",fixtures/cap19_reversed_le_safe.c,0
cap19_continue_safe,negative,"rename all local names, capacity 19, insert unrelated scalar observation",fixtures/cap19_continue_safe.c,0
cap19_continue_inverted_unsafe,positive,"rename all local names, capacity 19, insert unrelated scalar observation",fixtures/cap19_continue_inverted_unsafe.c,1
cap19_break_safe,negative,"rename all local names, capacity 19, insert unrelated scalar observation",fixtures/cap19_break_safe.c,0
cap19_conditional_break_unsafe,positive,"rename all local names, capacity 19, insert unrelated scalar observation",fixtures/cap19_conditional_break_unsafe.c,1
cap19_unsafe_guard_direction,positive,"rename all local names, capacity 19, insert unrelated scalar observation",fixtures/cap19_unsafe_guard_direction.c,1
cap19_safe_then,negative,"rename all local names, capacity 19, insert unrelated scalar observation",fixtures/cap19_safe_then.c,0
cap19_safe_else,negative,"rename all local names, capacity 19, insert unrelated scalar observation",fixtures/cap19_safe_else.c,0
cap19_unsafe_else,positive,"rename all local names, capacity 19, insert unrelated scalar observation",fixtures/cap19_unsafe_else.c,1
cap19_unsafe_or,positive,"rename all local names, capacity 19, insert unrelated scalar observation",fixtures/cap19_unsafe_or.c,1
cap19_safe_both_or,negative,"rename all local names, capacity 19, insert unrelated scalar observation",fixtures/cap19_safe_both_or.c,0
cap19_safe_and,negative,"rename all local names, capacity 19, insert unrelated scalar observation",fixtures/cap19_safe_and.c,0
cap19_wrong_larger_bound,positive,"rename all local names, capacity 19, insert unrelated scalar observation",fixtures/cap19_wrong_larger_bound.c,1
cap19_conditional_continue_unsafe,positive,"rename all local names, capacity 19, insert unrelated scalar observation",fixtures/cap19_conditional_continue_unsafe.c,1
cap19_nested_dominating_continue_safe,negative,"rename all local names, capacity 19, insert unrelated scalar observation",fixtures/cap19_nested_dominating_continue_safe.c,0
