variant_id,variant_kind,transformation,source_path,expected_alert
original_vulnerable,positive,manual cleanup after auto-reset registration failure,fixtures/original_vulnerable.c,1
positive_rename,positive,rename callback registration and object,fixtures/positive_rename.c,1
positive_insert_statement,positive,insert independent failure-branch statement,fixtures/positive_insert_statement.c,1
positive_nested_block,positive,nest redundant cleanup in a block,fixtures/positive_nested_block.c,1
positive_inverted_condition,positive,invert registration success test with else failure,fixtures/positive_inverted_condition.c,1
positive_wrapper,positive,extract registration into wrapper,fixtures/positive_wrapper.c,1
negative_no_manual_cleanup,negative,rely only on automatic reset cleanup,fixtures/negative_no_manual_cleanup.c,0
negative_different_callback,negative,manual cleanup differs from registered callback,fixtures/negative_different_callback.c,0
negative_different_object,negative,manual cleanup targets another object,fixtures/negative_different_object.c,0
