screen_rank,commit_id,bug_type,candidate_group,checker_id,knighter_report_count,knighter_manual_bugs,knighter_manual_not_bugs,patch_related_targets,buggy_alerts,fixed_alerts,buggy_fullscan_alerts,fixed_fullscan_alerts,buggy_miss,fixed_noisy,poor_distinguishing,buggy_report_dir,fixed_report_dir,archived_buggy_report_dir,archived_fixed_report_dir,screen1_priority,screen1_reason,manual_semantic_review_status,semantic_gap_tags,selection_hint
1,ac19c4c3d02e19b365209d2cee409671e1fb66bb,Misuse,local_triage_manual_fp,old:ac19c4c3d02e19b365209d2cee409671e1fb66bb:checker0,55,20,17,fs/bcachefs/chardev.o,1,0,,,FALSE,FALSE,FALSE,research/knighter/runs/knighter-v613/validation_20260616_185225/buggy/2026-06-16-185248-1643113-1,,research/knighter/e2/results/screen1_reports/01_ac19c4c3d02e_Misuse/buggy,,P0,historical NotBug labels; screen fixed-side noise first,screen1_no_obvious_alert_count_issue,,likely_e2_core_if_screen1_confirms_noise
2,3027e7b15b02d2d37e3f82d6b8404f6d37e3b8cf,Null-Pointer-Dereference,local_triage_manual_fp,old:3027e7b15b02d2d37e3f82d6b8404f6d37e3b8cf:checker2,75,17,12,drivers/net/ethernet/intel/ice/ice_ptp.o,19,2,,,FALSE,TRUE,TRUE,research/knighter/runs/knighter-v613/validation_20260616_185455/buggy/2026-06-16-185524-1669347-1,research/knighter/runs/knighter-v613/validation_20260616_185455/fixed/2026-06-16-185622-1681900-1,research/knighter/e2/results/screen1_reports/02_3027e7b15b02_Null_Pointer_Dereference/buggy,research/knighter/e2/results/screen1_reports/02_3027e7b15b02_Null_Pointer_Dereference/fixed,P0,fixed-side noisy,pending_manual_semantic_review,,screen1_bad_baseline_candidate
3,1f886a7bfb3faf4c1021e73f045538008ce7634e,Null-Pointer-Dereference,local_triage_manual_fp,old:1f886a7bfb3faf4c1021e73f045538008ce7634e:checker0,67,4,12,drivers/spi/spi-pci1xxxx.o,2,0,,,FALSE,FALSE,FALSE,research/knighter/runs/knighter-v613/validation_20260616_185716/buggy/2026-06-16-185757-1695601-1,,research/knighter/e2/results/screen1_reports/03_1f886a7bfb3f_Null_Pointer_Dereference/buggy,,P0,historical NotBug labels; screen fixed-side noise first,screen1_no_obvious_alert_count_issue,,likely_e2_core_if_screen1_confirms_noise
4,a54a594d72f25b08f39d743880a76721fba9ae77,Null-Pointer-Dereference,local_triage_manual_fp,old:a54a594d72f25b08f39d743880a76721fba9ae77:checker0,27,1,11,drivers/usb/host/xhci-mem.o,3,0,,,FALSE,FALSE,FALSE,research/knighter/runs/knighter-v613/validation_20260616_185928/buggy/2026-06-16-190000-1722020-1,,research/knighter/e2/results/screen1_reports/04_a54a594d72f2_Null_Pointer_Dereference/buggy,,P0,historical NotBug labels; screen fixed-side noise first,screen1_no_obvious_alert_count_issue,,likely_e2_core_if_screen1_confirms_noise
5,c48a4497356f701f94f1951626637ae240af909e,Uninit-Data,local_triage_manual_fp,old:c48a4497356f701f94f1951626637ae240af909e:checker7,5,1,1,sound/soc/codecs/sma1307.o,2,1,,,FALSE,TRUE,TRUE,research/knighter/runs/knighter-v613/validation_20260616_190733/buggy/2026-06-16-190758-1764911-1,research/knighter/runs/knighter-v613/validation_20260616_190733/fixed/2026-06-16-190854-1777659-1,research/knighter/e2/results/screen1_reports/05_c48a4497356f_Uninit_Data/buggy,research/knighter/e2/results/screen1_reports/05_c48a4497356f_Uninit_Data/fixed,P0,fixed-side noisy,pending_manual_semantic_review,,screen1_bad_baseline_candidate
6,8ede3db5061bb1fe28e2c9683329aafa89d2b1b4,Integer-Overflow,local_triage_manual_fp,old:8ede3db5061bb1fe28e2c9683329aafa89d2b1b4:checker2,2,1,1,io_uring/net.o,2,0,,,FALSE,FALSE,FALSE,research/knighter/runs/knighter-v613/validation_20260616_191641/buggy/2026-06-16-191710-1794091-1,,research/knighter/e2/results/screen1_reports/06_8ede3db5061b_Integer_Overflow/buggy,,P0,historical NotBug labels; screen fixed-side noise first,screen1_no_obvious_alert_count_issue,,likely_e2_core_if_screen1_confirms_noise
7,5aa2184e29081665f915594bc6de9b7fee6e4883,Double-Free,positive_scan_report_count,old:5aa2184e29081665f915594bc6de9b7fee6e4883:checker0,2644,0,0,drivers/net/ethernet/mellanox/mlx5/core/steering/hws/mlx5hws_definer.o,10,9,,,FALSE,TRUE,TRUE,research/knighter/runs/knighter-v613/validation_20260616_191849/buggy/2026-06-16-191920-1820404-1,research/knighter/runs/knighter-v613/validation_20260616_191849/fixed/2026-06-16-192021-1833163-1,research/knighter/e2/results/screen1_reports/07_5aa2184e2908_Double_Free/buggy,research/knighter/e2/results/screen1_reports/07_5aa2184e2908_Double_Free/fixed,P0,fixed-side noisy,pending_manual_semantic_review,,screen1_bad_baseline_candidate
8,768f17fd25e4a98bf5166148629ecf6f647d5efc,Integer-Overflow,positive_scan_report_count,old:768f17fd25e4a98bf5166148629ecf6f647d5efc:checker1,1729,0,0,drivers/gpu/drm/i915/i915_hwmon.o,8,6,,,FALSE,TRUE,TRUE,research/knighter/runs/knighter-v613/validation_20260616_192116/buggy/2026-06-16-192145-1846931-1,research/knighter/runs/knighter-v613/validation_20260616_192116/fixed/2026-06-16-192232-1859561-1,research/knighter/e2/results/screen1_reports/08_768f17fd25e4_Integer_Overflow/buggy,research/knighter/e2/results/screen1_reports/08_768f17fd25e4_Integer_Overflow/fixed,P0,fixed-side noisy,pending_manual_semantic_review,,screen1_bad_baseline_candidate
9,df94cb2e57b2cc539f325003e7abb76d3060d55b,Integer-Overflow,positive_scan_report_count,old:df94cb2e57b2cc539f325003e7abb76d3060d55b:checker7,120,0,0,fs/bcachefs/buckets.o;fs/bcachefs/io_misc.o,6,5,,,FALSE,TRUE,TRUE,research/knighter/runs/knighter-v613/validation_20260616_192317/buggy/2026-06-16-192439-1882494-1,research/knighter/runs/knighter-v613/validation_20260616_192317/fixed/2026-06-16-192608-1895756-1,research/knighter/e2/results/screen1_reports/09_df94cb2e57b2_Integer_Overflow/buggy,research/knighter/e2/results/screen1_reports/09_df94cb2e57b2_Integer_Overflow/fixed,P0,fixed-side noisy,pending_manual_semantic_review,,screen1_bad_baseline_candidate
10,f503ae90c7355e8506e68498fe84c1357894cd5b,Null-Pointer-Dereference,positive_scan_report_count,old:f503ae90c7355e8506e68498fe84c1357894cd5b:checker0,14,4,0,drivers/net/wireless/mediatek/mt76/mt7996/mcu.o,5,3,,,FALSE,TRUE,TRUE,research/knighter/runs/knighter-v613/validation_20260616_192645/buggy/2026-06-16-192723-1901057-1,research/knighter/runs/knighter-v613/validation_20260616_192645/fixed/2026-06-16-192829-1913838-1,research/knighter/e2/results/screen1_reports/10_f503ae90c735_Null_Pointer_Dereference/buggy,research/knighter/e2/results/screen1_reports/10_f503ae90c735_Null_Pointer_Dereference/fixed,P0,fixed-side noisy,pending_manual_semantic_review,,screen1_bad_baseline_candidate
11,5e700b384ec13f5bcac9855cb28fcc674f1d3593,Concurrency,positive_scan_report_count,old:5e700b384ec13f5bcac9855cb28fcc674f1d3593:checker0,10,0,0,drivers/platform/chrome/cros_ec_uart.o,1,0,,,FALSE,FALSE,FALSE,research/knighter/runs/knighter-v613/validation_20260616_192936/buggy/2026-06-16-193005-1927614-1,,research/knighter/e2/results/screen1_reports/11_5e700b384ec1_Concurrency/buggy,,P2,positive historical reports; check buggy/fixed alert separation,screen1_no_obvious_alert_count_issue,,likely_e2_plus_or_diversity_candidate
12,c09d2eff81a997c169e0cacacd6b60c5e3aa33f2,Integer-Overflow,positive_scan_report_count,old:c09d2eff81a997c169e0cacacd6b60c5e3aa33f2:checker4,10,0,0,drivers/gpu/drm/amd/amdgpu/amdgpu_discovery.o,1,0,,,FALSE,FALSE,FALSE,research/knighter/runs/knighter-v613/validation_20260616_193130/buggy/2026-06-16-193200-1953924-1,,research/knighter/e2/results/screen1_reports/12_c09d2eff81a9_Integer_Overflow/buggy,,P2,positive historical reports; check buggy/fixed alert separation,screen1_no_obvious_alert_count_issue,,likely_e2_plus_or_diversity_candidate
13,0f8ca019544a252d1afb468ce840c6dcbac73af4,Buffer-Overflow,positive_scan_report_count,old:0f8ca019544a252d1afb468ce840c6dcbac73af4:checker0,6,1,0,drivers/gpu/drm/amd/amdgpu/../display/dc/dml2/dml2_wrapper.o,4,0,,,FALSE,FALSE,FALSE,research/knighter/runs/knighter-v613/validation_20260616_193335/buggy/2026-06-16-193510-1980495-1,,research/knighter/e2/results/screen1_reports/13_0f8ca019544a_Buffer_Overflow/buggy,,P2,positive historical reports; check buggy/fixed alert separation,screen1_no_obvious_alert_count_issue,,likely_e2_plus_or_diversity_candidate
14,c3d749609472ba0b217b42ab66f80459847e2bcb,Out-of-Bound,positive_scan_report_count,old:c3d749609472ba0b217b42ab66f80459847e2bcb:checker1,6,1,0,drivers/gpu/drm/amd/amdgpu/../display/amdgpu_dm/amdgpu_dm.o;drivers/gpu/drm/amd/amdgpu/../display/amdgpu_dm/amdgpu_dm_crc.o,5,4,,,FALSE,TRUE,TRUE,research/knighter/runs/knighter-v613/validation_20260616_193639/buggy/2026-06-16-195424-2017110-1,research/knighter/runs/knighter-v613/validation_20260616_193639/fixed/2026-06-16-195452-2021113-1,research/knighter/e2/results/screen1_reports/14_c3d749609472_Out_of_Bound/buggy,research/knighter/e2/results/screen1_reports/14_c3d749609472_Out_of_Bound/fixed,P0,fixed-side noisy,pending_manual_semantic_review,,screen1_bad_baseline_candidate
15,f1e54d11b210b53d418ff1476c6b58a2f434dfc0,UAF,positive_scan_report_count,old:f1e54d11b210b53d418ff1476c6b58a2f434dfc0:checker0,5,4,0,drivers/net/macsec.o,1,0,,,FALSE,FALSE,FALSE,research/knighter/runs/knighter-v613/validation_20260616_195558/buggy/2026-06-16-195713-2035763-1,,research/knighter/e2/results/screen1_reports/15_f1e54d11b210_UAF/buggy,,P2,positive historical reports; check buggy/fixed alert separation,screen1_no_obvious_alert_count_issue,,likely_e2_plus_or_diversity_candidate
16,b1ba8bcb2d1ffce11b308ce166c9cc28d989e3b9,Null-Pointer-Dereference,positive_scan_report_count,old:b1ba8bcb2d1ffce11b308ce166c9cc28d989e3b9:checker2,4,2,0,drivers/video/backlight/hx8357.o,2,0,,,FALSE,FALSE,FALSE,research/knighter/runs/knighter-v613/validation_20260616_195904/buggy/2026-06-16-195931-2062356-1,,research/knighter/e2/results/screen1_reports/16_b1ba8bcb2d1f_Null_Pointer_Dereference/buggy,,P2,positive historical reports; check buggy/fixed alert separation,screen1_no_obvious_alert_count_issue,,likely_e2_plus_or_diversity_candidate
17,90ca6956d3834db4060f87700e2fcbb699c4e4fd,Uninit-Data,positive_scan_report_count,old:90ca6956d3834db4060f87700e2fcbb699c4e4fd:checker3,4,11,0,drivers/net/ethernet/intel/ice/ice_common.o;drivers/net/ethernet/intel/ice/ice_ethtool.o,6,0,,,FALSE,FALSE,FALSE,research/knighter/runs/knighter-v613/validation_20260616_200058/buggy/2026-06-16-200159-2097893-1,,research/knighter/e2/results/screen1_reports/17_90ca6956d383_Uninit_Data/buggy,,P2,positive historical reports; check buggy/fixed alert separation,screen1_no_obvious_alert_count_issue,,likely_e2_plus_or_diversity_candidate
18,ad297cd2db8953e2202970e9504cab247b6c7cb4,UAF,positive_scan_report_count,old:ad297cd2db8953e2202970e9504cab247b6c7cb4:checker0,3,1,0,drivers/net/ethernet/qualcomm/emac/emac.o,3,0,,,FALSE,FALSE,FALSE,research/knighter/runs/knighter-v613/validation_20260616_200342/buggy/2026-06-16-200434-2116190-1,,research/knighter/e2/results/screen1_reports/18_ad297cd2db89_UAF/buggy,,P2,positive historical reports; check buggy/fixed alert separation,screen1_no_obvious_alert_count_issue,,likely_e2_plus_or_diversity_candidate
19,39b13dce1a91cdfc3bec9238f9e89094551bd428,Double-Free,positive_scan_report_count,old:39b13dce1a91cdfc3bec9238f9e89094551bd428:checker0,1,1,0,drivers/firmware/arm_scmi/driver.o,2,1,,,FALSE,TRUE,TRUE,research/knighter/runs/knighter-v613/validation_20260616_200607/buggy/2026-06-16-201410-2147087-1,research/knighter/runs/knighter-v613/validation_20260616_200607/fixed/2026-06-16-201502-2159958-1,research/knighter/e2/results/screen1_reports/19_39b13dce1a91_Double_Free/buggy,research/knighter/e2/results/screen1_reports/19_39b13dce1a91_Double_Free/fixed,P0,fixed-side noisy,pending_manual_semantic_review,,screen1_bad_baseline_candidate
20,d8c561741ef83980114b3f7f95ffac54600f3f16,Double-Free,positive_scan_report_count,old:d8c561741ef83980114b3f7f95ffac54600f3f16:checker2,1,1,0,drivers/net/ethernet/mellanox/mlx5/core/steering/hws/mlx5hws_send.o,2,1,,,FALSE,TRUE,TRUE,research/knighter/runs/knighter-v613/validation_20260616_201550/buggy/2026-06-16-202303-2176753-1,research/knighter/runs/knighter-v613/validation_20260616_201550/fixed/2026-06-16-202353-2189460-1,research/knighter/e2/results/screen1_reports/20_d8c561741ef8_Double_Free/buggy,research/knighter/e2/results/screen1_reports/20_d8c561741ef8_Double_Free/fixed,P0,fixed-side noisy,pending_manual_semantic_review,,screen1_bad_baseline_candidate
21,3e91a38de1dce97b385d732a5f444264ea8fbd92,Misuse,positive_scan_report_count,old:3e91a38de1dce97b385d732a5f444264ea8fbd92:checker2,1,1,0,drivers/video/fbdev/via/viafbdev.o,1,0,,,FALSE,FALSE,FALSE,research/knighter/runs/knighter-v613/validation_20260616_202439/buggy/2026-06-16-202510-2203211-1,,research/knighter/e2/results/screen1_reports/21_3e91a38de1dc_Misuse/buggy,,P2,positive historical reports; check buggy/fixed alert separation,screen1_no_obvious_alert_count_issue,,likely_e2_plus_or_diversity_candidate
22,e651faa2fba4d387aa00b3c02e9c10232852d2ef,Misuse,positive_scan_report_count,old:e651faa2fba4d387aa00b3c02e9c10232852d2ef:checker0,1,1,0,drivers/tty/vt/consolemap.o;drivers/tty/vt/keyboard.o,1,0,,,FALSE,FALSE,FALSE,research/knighter/runs/knighter-v613/validation_20260616_202641/buggy/2026-06-16-202706-2229398-1,,research/knighter/e2/results/screen1_reports/22_e651faa2fba4_Misuse/buggy,,P2,positive historical reports; check buggy/fixed alert separation,screen1_no_obvious_alert_count_issue,,likely_e2_plus_or_diversity_candidate
23,13e788deb7348cc88df34bed736c3b3b9927ea52,Out-of-Bound,positive_scan_report_count,old:13e788deb7348cc88df34bed736c3b3b9927ea52:checker0,1,1,0,net/rds/af_rds.o,2,1,,,FALSE,TRUE,TRUE,research/knighter/runs/knighter-v613/validation_20260616_202857/buggy/2026-06-16-202923-2256710-1,research/knighter/runs/knighter-v613/validation_20260616_202857/fixed/2026-06-16-203009-2269287-1,research/knighter/e2/results/screen1_reports/23_13e788deb734_Out_of_Bound/buggy,research/knighter/e2/results/screen1_reports/23_13e788deb734_Out_of_Bound/fixed,P0,fixed-side noisy,pending_manual_semantic_review,,screen1_bad_baseline_candidate
24,97cba232549b9fe7e491fb60a69cf93075015f29,Buffer-Overflow,valid_no_local_report,old:97cba232549b9fe7e491fb60a69cf93075015f29:checker6,0,0,0,drivers/gpu/drm/amd/amdgpu/../display/dc/link/protocols/link_dp_dpia_bw.o,1,0,,,FALSE,FALSE,FALSE,research/knighter/runs/knighter-v613/validation_20260616_203052/buggy/2026-06-16-203115-2282939-1,,research/knighter/e2/results/screen1_reports/24_97cba232549b_Buffer_Overflow/buggy,,P3,zero historical reports; use to detect buggy-side misses and validity-retention cases,screen1_no_obvious_alert_count_issue,,validity_retention_or_buggy_miss_candidate
25,78ec6f9df6642418411c534683da6133e0962ec7,Concurrency,valid_no_local_report,old:78ec6f9df6642418411c534683da6133e0962ec7:checker0,0,0,0,mm/memcontrol.o,2,0,,,FALSE,FALSE,FALSE,research/knighter/runs/knighter-v613/validation_20260616_203245/buggy/2026-06-16-204009-2312790-1,,research/knighter/e2/results/screen1_reports/25_78ec6f9df664_Concurrency/buggy,,P3,zero historical reports; use to detect buggy-side misses and validity-retention cases,screen1_no_obvious_alert_count_issue,,validity_retention_or_buggy_miss_candidate
26,8bc35475ef1a23b0e224f3242eb11c76cab0ea88,Concurrency,valid_no_local_report,old:8bc35475ef1a23b0e224f3242eb11c76cab0ea88:checker4,0,0,0,kernel/workqueue.o,1,0,,,FALSE,FALSE,FALSE,research/knighter/runs/knighter-v613/validation_20260616_204210/buggy/2026-06-16-204244-2339240-1,,research/knighter/e2/results/screen1_reports/26_8bc35475ef1a_Concurrency/buggy,,P3,zero historical reports; use to detect buggy-side misses and validity-retention cases,screen1_no_obvious_alert_count_issue,,validity_retention_or_buggy_miss_candidate
27,19ebc1e6cab334a8193398d4152deb76019b5d34,Double-Free,valid_no_local_report,old:19ebc1e6cab334a8193398d4152deb76019b5d34:checker1,0,0,0,fs/smb/client/smb2ops.o,1,0,,,FALSE,FALSE,FALSE,research/knighter/runs/knighter-v613/validation_20260616_204459/buggy/2026-06-16-204525-2365799-1,,research/knighter/e2/results/screen1_reports/27_19ebc1e6cab3_Double_Free/buggy,,P3,zero historical reports; use to detect buggy-side misses and validity-retention cases,screen1_no_obvious_alert_count_issue,,validity_retention_or_buggy_miss_candidate
28,4575962aeed63aca975756852ab0c550164f849f,Double-Free,valid_no_local_report,old:4575962aeed63aca975756852ab0c550164f849f:checker0,0,0,0,drivers/pinctrl/sophgo/pinctrl-cv18xx.o,1,0,,,FALSE,FALSE,FALSE,research/knighter/runs/knighter-v613/validation_20260616_204733/buggy/2026-06-16-204757-2392404-1,,research/knighter/e2/results/screen1_reports/28_4575962aeed6_Double_Free/buggy,,P3,zero historical reports; use to detect buggy-side misses and validity-retention cases,screen1_no_obvious_alert_count_issue,,validity_retention_or_buggy_miss_candidate
29,e61dd678601eac53d501dda1eb1bcffec7b11bd6,Double-Free,valid_no_local_report,old:e61dd678601eac53d501dda1eb1bcffec7b11bd6:checker0,0,0,0,fs/bcachefs/super.o,1,0,,,FALSE,FALSE,FALSE,research/knighter/runs/knighter-v613/validation_20260616_204931/buggy/2026-06-16-204957-2419026-1,,research/knighter/e2/results/screen1_reports/29_e61dd678601e_Double_Free/buggy,,P3,zero historical reports; use to detect buggy-side misses and validity-retention cases,screen1_no_obvious_alert_count_issue,,validity_retention_or_buggy_miss_candidate
30,e8c276d4dc0e19ee48385f74426aebc855b49aaf,Double-Free,valid_no_local_report,old:e8c276d4dc0e19ee48385f74426aebc855b49aaf:checker0,0,0,0,drivers/misc/fastrpc.o,1,0,,,FALSE,FALSE,FALSE,research/knighter/runs/knighter-v613/validation_20260616_205142/buggy/2026-06-16-205206-2445637-1,,research/knighter/e2/results/screen1_reports/30_e8c276d4dc0e_Double_Free/buggy,,P3,zero historical reports; use to detect buggy-side misses and validity-retention cases,screen1_no_obvious_alert_count_issue,,validity_retention_or_buggy_miss_candidate
31,27834971f616c5e154423c578fa95e0444444ce1,Memory-Leak,valid_no_local_report,old:27834971f616c5e154423c578fa95e0444444ce1:checker0,0,0,0,drivers/virt/coco/tdx-guest/tdx-guest.o,0,0,,,TRUE,FALSE,TRUE,research/knighter/runs/knighter-v613/validation_20260616_205342/buggy/2026-06-16-205412-2472149-1,research/knighter/runs/knighter-v613/validation_20260616_205342/fixed/2026-06-16-205500-2484950-1,research/knighter/e2/results/screen1_reports/31_27834971f616_Memory_Leak/buggy,research/knighter/e2/results/screen1_reports/31_27834971f616_Memory_Leak/fixed,P0,buggy-side miss; fixed alerts >= buggy alerts,pending_manual_semantic_review,,screen1_bad_baseline_candidate
32,4050957c7c2c14aa795dbf423b4180d5ac04e113,Memory-Leak,valid_no_local_report,old:4050957c7c2c14aa795dbf423b4180d5ac04e113:checker4,0,0,0,drivers/gpu/drm/exynos/exynos_drm_gsc.o,1,0,,,FALSE,FALSE,FALSE,research/knighter/runs/knighter-v613/validation_20260616_205540/buggy/2026-06-16-205608-2498717-1,,research/knighter/e2/results/screen1_reports/32_4050957c7c2c_Memory_Leak/buggy,,P3,zero historical reports; use to detect buggy-side misses and validity-retention cases,screen1_no_obvious_alert_count_issue,,validity_retention_or_buggy_miss_candidate
33,ca93bf607a44c1f009283dac4af7df0d9ae5e357,Memory-Leak,valid_no_local_report,old:ca93bf607a44c1f009283dac4af7df0d9ae5e357:checker0,0,0,0,drivers/thermal/mediatek/lvts_thermal.o,1,0,,,FALSE,FALSE,FALSE,research/knighter/runs/knighter-v613/validation_20260616_205739/buggy/2026-06-16-205804-2524947-1,,research/knighter/e2/results/screen1_reports/33_ca93bf607a44_Memory_Leak/buggy,,P3,zero historical reports; use to detect buggy-side misses and validity-retention cases,screen1_no_obvious_alert_count_issue,,validity_retention_or_buggy_miss_candidate
34,61c43780e9444123410cd48c2483e01d2b8f75e8,Misuse,valid_no_local_report,old:61c43780e9444123410cd48c2483e01d2b8f75e8:checker0,0,0,0,net/devlink/port.o,2,1,,,FALSE,TRUE,TRUE,research/knighter/runs/knighter-v613/validation_20260616_205936/buggy/2026-06-16-205959-2551191-1,research/knighter/runs/knighter-v613/validation_20260616_205936/fixed/2026-06-16-210048-2563766-1,research/knighter/e2/results/screen1_reports/34_61c43780e944_Misuse/buggy,research/knighter/e2/results/screen1_reports/34_61c43780e944_Misuse/fixed,P0,fixed-side noisy,pending_manual_semantic_review,,screen1_bad_baseline_candidate
35,279c3a2a5eb2c1054fbe38e5c33be08584229047,Out-of-Bound,valid_no_local_report,old:279c3a2a5eb2c1054fbe38e5c33be08584229047:checker0,0,0,0,drivers/iio/adc/palmas_gpadc.o,5,0,,,FALSE,FALSE,FALSE,research/knighter/runs/knighter-v613/validation_20260616_210132/buggy/2026-06-16-210220-2577522-1,,research/knighter/e2/results/screen1_reports/35_279c3a2a5eb2_Out_of_Bound/buggy,,P3,zero historical reports; use to detect buggy-side misses and validity-retention cases,screen1_no_obvious_alert_count_issue,,validity_retention_or_buggy_miss_candidate
36,3f7d9c1964fcd16d02a8a9d4fd6f6cb60c4cc530,Out-of-Bound,valid_no_local_report,old:3f7d9c1964fcd16d02a8a9d4fd6f6cb60c4cc530:checker1,0,0,0,drivers/net/virtio_net.o,1,0,,,FALSE,FALSE,FALSE,research/knighter/runs/knighter-v613/validation_20260616_210352/buggy/2026-06-16-210423-2603759-1,,research/knighter/e2/results/screen1_reports/36_3f7d9c1964fc_Out_of_Bound/buggy,,P3,zero historical reports; use to detect buggy-side misses and validity-retention cases,screen1_no_obvious_alert_count_issue,,validity_retention_or_buggy_miss_candidate
37,0336f8ffece62f882ab3012820965a786a983f70,UAF,valid_no_local_report,old:0336f8ffece62f882ab3012820965a786a983f70:checker0,0,0,0,drivers/net/ethernet/ti/tlan.o,1,0,,,FALSE,FALSE,FALSE,research/knighter/runs/knighter-v613/validation_20260616_210630/buggy/2026-06-16-210658-2630277-1,,research/knighter/e2/results/screen1_reports/37_0336f8ffece6_UAF/buggy,,P3,zero historical reports; use to detect buggy-side misses and validity-retention cases,screen1_no_obvious_alert_count_issue,,validity_retention_or_buggy_miss_candidate
38,3948abaa4e2be938ccdfc289385a27342fb13d43,Uninit-Data,valid_no_local_report,old:3948abaa4e2be938ccdfc289385a27342fb13d43:checker0,0,0,0,fs/fhandle.o,2,0,,,FALSE,FALSE,FALSE,research/knighter/runs/knighter-v613/validation_20260616_210838/buggy/2026-06-16-210908-2657417-1,,research/knighter/e2/results/screen1_reports/38_3948abaa4e2b_Uninit_Data/buggy,,P3,zero historical reports; use to detect buggy-side misses and validity-retention cases,screen1_no_obvious_alert_count_issue,,validity_retention_or_buggy_miss_candidate
39,eaa03486d932572dfd1c5f64f9dfebe572ad88c0,Uninit-Data,valid_no_local_report,old:eaa03486d932572dfd1c5f64f9dfebe572ad88c0:checker4,0,0,0,drivers/base/regmap/regcache-maple.o,5,3,,,FALSE,TRUE,TRUE,research/knighter/runs/knighter-v613/validation_20260616_211036/buggy/2026-06-16-211100-2683696-1,research/knighter/runs/knighter-v613/validation_20260616_211036/fixed/2026-06-16-211147-2696343-1,research/knighter/e2/results/screen1_reports/39_eaa03486d932_Uninit_Data/buggy,research/knighter/e2/results/screen1_reports/39_eaa03486d932_Uninit_Data/fixed,P0,fixed-side noisy,pending_manual_semantic_review,,screen1_bad_baseline_candidate
